{"cameraMode":{"drawMode":0,"name":"Shaded","section":"Shading Mode"},"sceneLighting":false,"audioPlay":false,"sceneViewState":{"showFog":true,"showMaterialUpdate":true,"showSkybox":false,"showFlares":true,"showImageEffects":true,"showParticleSystems":true},"in2DMode":false,"pivot":{"x":4.198130130767822,"y":-2.907928943634033,"z":1.8992269039154053},"rotation":{"x":0.04309982433915138,"y":-0.17738838493824006,"z":0.0077759274281561378,"w":0.9831662774085999},"size":1.8074853420257569,"orthographic":false}