{"cameraMode":{"drawMode":0,"name":"Shaded","section":"Shading Mode"},"sceneLighting":true,"audioPlay":false,"sceneViewState":{"showFog":true,"showMaterialUpdate":true,"showSkybox":true,"showFlares":true,"showImageEffects":true,"showParticleSystems":true},"in2DMode":false,"pivot":{"x":1.350808024406433,"y":-0.66500324010849,"z":-0.48046875},"rotation":{"x":0.008088484406471253,"y":-0.36570432782173159,"z":-0.0031783776357769968,"w":-0.9306928515434265},"size":5.720651626586914,"orthographic":false}